{
    "0": {
        "latency_s": 4.922163719078526,
        "reward": 0.0
    },
    "37": {
        "latency_s": 7.321705539012328,
        "reward": 0.0
    },
    "12": {
        "latency_s": 8.207298405002803,
        "reward": 0.0
    },
    "33": {
        "latency_s": 8.277652652002871,
        "reward": 0.0
    },
    "32": {
        "latency_s": 9.534107485087588,
        "reward": 0.0
    },
    "94": {
        "latency_s": 9.332916747080162,
        "reward": 0.0
    },
    "25": {
        "latency_s": 9.629659836879,
        "reward": 0.0
    },
    "48": {
        "latency_s": 9.628721011104062,
        "reward": 0.0
    },
    "81": {
        "latency_s": 10.079690935090184,
        "reward": 0.0
    },
    "34": {
        "latency_s": 10.29964984790422,
        "reward": 0.0
    },
    "9": {
        "latency_s": 10.436455817194656,
        "reward": 0.0
    },
    "16": {
        "latency_s": 10.43707075691782,
        "reward": 0.0
    },
    "44": {
        "latency_s": 10.354459743015468,
        "reward": 0.0
    },
    "20": {
        "latency_s": 10.491043415153399,
        "reward": 0.0
    },
    "90": {
        "latency_s": 10.301353873917833,
        "reward": 0.0
    },
    "64": {
        "latency_s": 10.430786428973079,
        "reward": 0.0
    },
    "1": {
        "latency_s": 10.707287094090134,
        "reward": 0.0
    },
    "85": {
        "latency_s": 10.386351010063663,
        "reward": 0.0
    },
    "73": {
        "latency_s": 10.466541568981484,
        "reward": 0.0
    },
    "50": {
        "latency_s": 10.586159670026973,
        "reward": 0.0
    },
    "14": {
        "latency_s": 10.766776407836005,
        "reward": 0.0
    },
    "18": {
        "latency_s": 10.797761011868715,
        "reward": 0.0
    },
    "63": {
        "latency_s": 10.639270629966632,
        "reward": 0.0
    },
    "58": {
        "latency_s": 10.688850255915895,
        "reward": 0.0
    },
    "68": {
        "latency_s": 10.677152605960146,
        "reward": 0.0
    },
    "88": {
        "latency_s": 10.62948292400688,
        "reward": 0.0
    },
    "52": {
        "latency_s": 11.137104217894375,
        "reward": 0.0
    },
    "87": {
        "latency_s": 11.015798687934875,
        "reward": 0.0
    },
    "31": {
        "latency_s": 11.271562749985605,
        "reward": 0.0
    },
    "89": {
        "latency_s": 11.072074556956068,
        "reward": 0.0
    },
    "15": {
        "latency_s": 11.414135348983109,
        "reward": 0.0
    },
    "17": {
        "latency_s": 11.433358740992844,
        "reward": 0.0
    },
    "86": {
        "latency_s": 11.17848886596039,
        "reward": 0.0
    },
    "41": {
        "latency_s": 11.379413875984028,
        "reward": 0.0
    },
    "42": {
        "latency_s": 11.395681142108515,
        "reward": 0.0
    },
    "67": {
        "latency_s": 11.315437488956377,
        "reward": 0.0
    },
    "46": {
        "latency_s": 11.423786086961627,
        "reward": 0.0
    },
    "83": {
        "latency_s": 11.733452507061884,
        "reward": 0.0
    },
    "96": {
        "latency_s": 11.701238977024332,
        "reward": 0.0
    },
    "70": {
        "latency_s": 11.831142285140231,
        "reward": 0.0
    },
    "97": {
        "latency_s": 11.757683221949264,
        "reward": 0.0
    },
    "43": {
        "latency_s": 12.018162173917517,
        "reward": 0.0
    },
    "40": {
        "latency_s": 12.057725141989067,
        "reward": 0.0
    },
    "7": {
        "latency_s": 12.25507478788495,
        "reward": 0.0
    },
    "21": {
        "latency_s": 12.535991119919345,
        "reward": 0.0
    },
    "22": {
        "latency_s": 12.557993284193799,
        "reward": 0.0
    },
    "2": {
        "latency_s": 12.789973550010473,
        "reward": 0.0
    },
    "61": {
        "latency_s": 12.600265300832689,
        "reward": 0.0
    },
    "91": {
        "latency_s": 12.523996823001653,
        "reward": 0.0
    },
    "13": {
        "latency_s": 12.938215010100976,
        "reward": 0.0
    },
    "51": {
        "latency_s": 12.832418602891266,
        "reward": 0.0
    },
    "98": {
        "latency_s": 14.38250603619963,
        "reward": 0.0
    },
    "65": {
        "latency_s": 15.98147354205139,
        "reward": 0.0
    },
    "29": {
        "latency_s": 16.37148541584611,
        "reward": 0.0
    },
    "99": {
        "latency_s": 16.272987568983808,
        "reward": 0.0
    },
    "55": {
        "latency_s": 18.144057516939938,
        "reward": 0.0
    },
    "69": {
        "latency_s": 18.27021435694769,
        "reward": 0.0
    },
    "49": {
        "latency_s": 19.685937153175473,
        "reward": 0.0
    },
    "28": {
        "latency_s": 22.342381163034588,
        "reward": 0.0
    },
    "60": {
        "latency_s": 22.643323990982026,
        "reward": 0.0
    },
    "57": {
        "latency_s": 22.715518366079777,
        "reward": 0.0
    },
    "92": {
        "latency_s": 23.212465344928205,
        "reward": 0.0
    },
    "23": {
        "latency_s": 23.545649870997295,
        "reward": 0.0
    },
    "76": {
        "latency_s": 23.38300468097441,
        "reward": 0.0
    },
    "47": {
        "latency_s": 23.6061075150501,
        "reward": 0.0
    },
    "38": {
        "latency_s": 23.689949847059324,
        "reward": 0.0
    },
    "27": {
        "latency_s": 23.88958933018148,
        "reward": 0.0
    },
    "26": {
        "latency_s": 24.112032291013747,
        "reward": 0.0
    },
    "24": {
        "latency_s": 24.18067652010359,
        "reward": 0.0
    },
    "79": {
        "latency_s": 24.011836308054626,
        "reward": 0.0
    },
    "10": {
        "latency_s": 24.816381284035742,
        "reward": 0.0
    },
    "8": {
        "latency_s": 25.08439949899912,
        "reward": 0.0
    },
    "5": {
        "latency_s": 25.370842691045254,
        "reward": 0.0
    },
    "4": {
        "latency_s": 25.7073585849721,
        "reward": 0.0
    },
    "11": {
        "latency_s": 26.41471941396594,
        "reward": 0.0
    },
    "80": {
        "latency_s": 26.6597995669581,
        "reward": 0.0
    },
    "39": {
        "latency_s": 27.067216767929494,
        "reward": 0.0
    },
    "82": {
        "latency_s": 26.957129125948995,
        "reward": 0.0
    },
    "30": {
        "latency_s": 27.27168257511221,
        "reward": 0.0
    },
    "54": {
        "latency_s": 29.261803600937128,
        "reward": 0.0
    },
    "59": {
        "latency_s": 29.571255354210734,
        "reward": 0.0
    },
    "6": {
        "latency_s": 30.328500614967197,
        "reward": 0.0
    },
    "66": {
        "latency_s": 31.17796513903886,
        "reward": 0.0
    },
    "93": {
        "latency_s": 31.12816635798663,
        "reward": 0.0
    },
    "72": {
        "latency_s": 31.55750521295704,
        "reward": 0.0
    },
    "45": {
        "latency_s": 31.986464548157528,
        "reward": 0.0
    },
    "19": {
        "latency_s": 32.56540407799184,
        "reward": 0.0
    },
    "71": {
        "latency_s": 32.416988738812506,
        "reward": 0.0
    },
    "35": {
        "latency_s": 32.85526585089974,
        "reward": 0.0
    },
    "62": {
        "latency_s": 32.821539024822414,
        "reward": 0.0
    },
    "75": {
        "latency_s": 32.89336751494557,
        "reward": 0.0
    },
    "84": {
        "latency_s": 33.147220375947654,
        "reward": 0.0
    },
    "3": {
        "latency_s": 34.236616420792416,
        "reward": 0.0
    },
    "95": {
        "latency_s": 33.88511908007786,
        "reward": 0.0
    },
    "53": {
        "latency_s": 34.31498967320658,
        "reward": 0.0
    },
    "36": {
        "latency_s": 35.7904354929924,
        "reward": 0.0
    },
    "56": {
        "latency_s": 35.77504681306891,
        "reward": 0.0
    },
    "74": {
        "latency_s": 56.248398021096364,
        "reward": 0.0
    },