{
    "8": {
        "latency_s": 41.033938139968086,
        "reward": 1.0
    },
    "13": {
        "latency_s": 46.429160472005606,
        "reward": 1.0
    },
    "65": {
        "latency_s": 37.12284685502527,
        "reward": 1.0
    },
    "2": {
        "latency_s": 166.63745501101948,
        "reward": 0.0
    },
    "26": {
        "latency_s": 18.919187081046402,
        "reward": 1.0
    },
    "44": {
        "latency_s": 175.92877454403788,
        "reward": 0.0
    },
    "81": {
        "latency_s": 52.07833770598518,
        "reward": 1.0
    },
    "30": {
        "latency_s": 122.96305815997766,
        "reward": 0.0
    },
    "42": {
        "latency_s": 22.578168114006985,
        "reward": 1.0
    },
    "148": {
        "latency_s": 13.291588691005018,
        "reward": 1.0
    },
    "75": {
        "latency_s": 169.20913252799073,
        "reward": 0.0
    },
    "56": {
        "latency_s": 106.52747287298553,
        "reward": 0.0
    },
    "32": {
        "latency_s": 26.125868443981744,
        "reward": 1.0
    },
    "51": {
        "latency_s": 164.3154872020241,
        "reward": 0.0
    },
    "59": {
        "latency_s": 12.467414294020273,
        "reward": 1.0
    },
    "41": {
        "latency_s": 18.978028511977755,
        "reward": 1.0
    },
    "20": {
        "latency_s": 22.488970461999997,
        "reward": 1.0
    },
    "12": {
        "latency_s": 42.00616551598068,
        "reward": 1.0
    },
    "58": {
        "latency_s": 12.779520808020607,
        "reward": 1.0
    },
    "5": {
        "latency_s": 176.06142621999606,
        "reward": 0.0
    },
    "29": {
        "latency_s": 123.65577961102827,
        "reward": 0.0
    },
    "71": {
        "latency_s": 138.22214647801593,
        "reward": 0.0
    },
    "19": {
        "latency_s": 176.00711386097828,
        "reward": 0.0
    },
    "36": {
        "latency_s": 15.501947482000105,
        "reward": 1.0
    },
    "68": {
        "latency_s": 117.35804791701958,
        "reward": 0.0
    },
    "76": {
        "latency_s": 25.960066864965484,
        "reward": 1.0
    },
    "78": {
        "latency_s": 17.99221212696284,
        "reward": 1.0
    },
    "0": {
        "latency_s": 176.0711356769898,
        "reward": 0.0
    },
    "66": {
        "latency_s": 29.091176112997346,
        "reward": 1.0
    },
    "34": {
        "latency_s": 14.721907302970067,
        "reward": 1.0
    },
    "62": {
        "latency_s": 27.99415669904556,
        "reward": 1.0
    },
    "48": {
        "latency_s": 160.43347225600155,
        "reward": 0.0
    },
    "35": {
        "latency_s": 76.47164723498281,
        "reward": 1.0
    },
    "157": {
        "latency_s": 24.652321368979756,
        "reward": 0.0
    },
    "7": {
        "latency_s": 176.04299296298996,
        "reward": 0.0
    },
    "53": {
        "latency_s": 133.48798662697664,
        "reward": 0.0
    },
    "60": {
        "latency_s": 158.37039424898103,
        "reward": 0.0
    },
    "116": {
        "latency_s": 30.070092176028993,
        "reward": 1.0
    },
    "155": {
        "latency_s": 28.051058933022432,
        "reward": 1.0
    },
    "94": {
        "latency_s": 35.14807495102286,
        "reward": 1.0
    },
    "40": {
        "latency_s": 37.4928767089732,
        "reward": 1.0
    },
    "38": {
        "latency_s": 17.291668010991998,
        "reward": 1.0
    },
    "55": {
        "latency_s": 175.87453130900394,
        "reward": 0.0
    },
    "15": {
        "latency_s": 48.01115680101793,
        "reward": 1.0
    },
    "52": {
        "latency_s": 158.93123987101717,
        "reward": 0.0
    },
    "57": {
        "latency_s": 95.07624384399969,
        "reward": 0.0
    },
    "50": {
        "latency_s": 11.569336987973657,
        "reward": 1.0
    },
    "166": {
        "latency_s": 39.30776363797486,
        "reward": 0.0
    },
    "82": {
        "latency_s": 44.76631457201438,
        "reward": 1.0
    },
    "147": {
        "latency_s": 39.96528618602315,
        "reward": 1.0
    },
    "110": {
        "latency_s": 132.68055743002333,
        "reward": 1.0
    },
    "70": {
        "latency_s": 146.63220296800137,
        "reward": 0.25
    },
    "144": {
        "latency_s": 47.71552426600829,
        "reward": 1.0
    },
    "88": {
        "latency_s": 162.64359790005255,
        "reward": 0.0
    },
    "61": {
        "latency_s": 31.53096246503992,
        "reward": 1.0
    },
    "31": {
        "latency_s": 128.27553936495678,
        "reward": 0.3333333333333333
    },
    "96": {
        "latency_s": 129.81293266796274,
        "reward": 1.0
    },
    "9": {
        "latency_s": 137.49874120100867,
        "reward": 0.0
    },
    "102": {
        "latency_s": 32.43272997997701,
        "reward": 1.0
    },
    "4": {
        "latency_s": 157.87988631200278,
        "reward": 0.0
    },
    "95": {
        "latency_s": 22.482463432999793,
        "reward": 1.0
    },
    "23": {
        "latency_s": 26.814110286009964,
        "reward": 1.0
    },
    "25": {
        "latency_s": 21.2608235089574,
        "reward": 1.0
    },
    "167": {
        "latency_s": 51.772160910011735,
        "reward": 0.0
    },
    "123": {
        "latency_s": 116.34422732098028,
        "reward": 0.0
    },
    "156": {
        "latency_s": 51.80827976297587,
        "reward": 0.0
    },
    "120": {
        "latency_s": 128.21918285399443,
        "reward": 0.0
    },
    "142": {
        "latency_s": 60.491919290972874,
        "reward": 0.0
    },
    "119": {
        "latency_s": 93.09285905404249,
        "reward": 0.0
    },
    "135": {
        "latency_s": 69.0292392919655,
        "reward": 0.0
    },
    "130": {
        "latency_s": 69.24679365300108,
        "reward": 0.0
    },
    "136": {
        "latency_s": 69.23168608697597,
        "reward": 0.0
    },
    "143": {
        "latency_s": 70.8515768389916,
        "reward": 0.0
    },
    "145": {
        "latency_s": 71.48098504799418,
        "reward": 0.0
    },
    "154": {
        "latency_s": 72.28877752303379,
        "reward": 0.0
    },
    "100": {
        "latency_s": 175.3815138959908,
        "reward": 0.0
    },
    "17": {
        "latency_s": 173.08858065499226,
        "reward": 0.0
    },
    "134": {
        "latency_s": 74.50619638198987,
        "reward": 0.0
    },
    "11": {
        "latency_s": 153.4160225460073,
        "reward": 1.0
    },
    "159": {
        "latency_s": 77.73163989599561,
        "reward": 1.0
    },
    "160": {
        "latency_s": 78.79476271604653,
        "reward": 0.0
    },
    "129": {
        "latency_s": 79.77094117098022,
        "reward": 0.0
    },
    "128": {
        "latency_s": 80.86302709201118,
        "reward": 0.0
    },
    "140": {
        "latency_s": 84.51031844702084,
        "reward": 0.0
    },
    "171": {
        "latency_s": 86.68786305002868,
        "reward": 0.0
    },
    "69": {
        "latency_s": 136.7806946390192,
        "reward": 0.0
    },
    "115": {
        "latency_s": 134.44902295601787,
        "reward": 1.0
    },
    "172": {
        "latency_s": 93.80228505202103,
        "reward": 0.0
    },
    "85": {
        "latency_s": 13.470863517024554,
        "reward": 1.0
    },
    "137": {
        "latency_s": 98.43273304397007,
        "reward": 0.3333333333333333
    },
    "114": {
        "latency_s": 51.82020030001877,
        "reward": 1.0
    },
    "165": {
        "latency_s": 100.47659680398647,
        "reward": 0.0
    },
    "153": {
        "latency_s": 101.21762192295864,
        "reward": 0.0
    },
    "112": {
        "latency_s": 160.83488073799526,
        "reward": 0.0
    },
    "33": {
        "latency_s": 11.172724806994665,
        "reward": 1.0
    },
    "46": {
        "latency_s": 175.59698068303987,
        "reward": 0.0
    },
    "168": {
        "latency_s": 105.96302043501055,
        "reward": 0.0
    },