{
    "25": {
        "latency_s": 36.739399323938414,
        "reward": 0.0
    },
    "51": {
        "latency_s": 47.83526279497892,
        "reward": 0.0
    },
    "50": {
        "latency_s": 47.87973735597916,
        "reward": 0.0
    },
    "34": {
        "latency_s": 48.35970301402267,
        "reward": 0.0
    },
    "35": {
        "latency_s": 48.399837682023644,
        "reward": 0.0
    },
    "24": {
        "latency_s": 48.8607111639576,
        "reward": 0.0
    },
    "19": {
        "latency_s": 49.15945889393333,
        "reward": 0.0
    },
    "18": {
        "latency_s": 49.20433397509623,
        "reward": 0.0
    },
    "48": {
        "latency_s": 51.865873943897896,
        "reward": 0.0
    },
    "49": {
        "latency_s": 51.907306258101016,
        "reward": 0.0
    },
    "45": {
        "latency_s": 54.466432104003616,
        "reward": 0.0
    },
    "44": {
        "latency_s": 54.57058232196141,
        "reward": 0.0
    },
    "0": {
        "latency_s": 54.738908561063,
        "reward": 0.0
    },
    "1": {
        "latency_s": 54.75088931503706,
        "reward": 0.0
    },
    "33": {
        "latency_s": 55.74232729093637,
        "reward": 0.0
    },
    "32": {
        "latency_s": 55.7896878849715,
        "reward": 0.0
    },
    "39": {
        "latency_s": 58.92459542909637,
        "reward": 0.0
    },
    "38": {
        "latency_s": 58.97115378896706,
        "reward": 0.0
    },
    "10": {
        "latency_s": 60.50140608497895,
        "reward": 0.0
    },
    "11": {
        "latency_s": 60.5442557670176,
        "reward": 0.0
    },
    "13": {
        "latency_s": 60.83647836197633,
        "reward": 0.0
    },
    "8": {
        "latency_s": 60.9287338469876,
        "reward": 0.0
    },
    "9": {
        "latency_s": 60.96993449004367,
        "reward": 0.0
    },
    "7": {
        "latency_s": 62.710921983933076,
        "reward": 0.0
    },
    "6": {
        "latency_s": 62.76308618404437,
        "reward": 0.0
    },
    "5": {
        "latency_s": 65.33326642098837,
        "reward": 0.0
    },
    "4": {
        "latency_s": 65.76945367397275,
        "reward": 0.0
    },
    "26": {
        "latency_s": 66.69487255695276,
        "reward": 0.0
    },
    "57": {
        "latency_s": 66.75523956597317,
        "reward": 0.0
    },
    "27": {
        "latency_s": 67.21737153897993,
        "reward": 0.0
    },
    "20": {
        "latency_s": 70.67174617294222,
        "reward": 0.0
    },
    "21": {
        "latency_s": 70.71824281907175,
        "reward": 0.0
    },
    "30": {
        "latency_s": 75.44455314101651,
        "reward": 0.0
    },
    "31": {
        "latency_s": 75.48416930995882,
        "reward": 0.0
    },
    "56": {
        "latency_s": 76.04694456397556,
        "reward": 0.0
    },
    "59": {
        "latency_s": 76.45680569706019,
        "reward": 0.0
    },
    "58": {
        "latency_s": 76.50309779006056,
        "reward": 0.0
    },
    "28": {
        "latency_s": 76.95580442098435,
        "reward": 0.0
    },
    "29": {
        "latency_s": 77.01229430199601,
        "reward": 0.0
    },
    "42": {
        "latency_s": 77.24855215998832,
        "reward": 0.0
    },
    "43": {
        "latency_s": 77.29088774800766,
        "reward": 0.0
    },
    "46": {
        "latency_s": 84.04261234495789,
        "reward": 0.0
    },
    "47": {
        "latency_s": 84.08464350097347,
        "reward": 0.0
    },
    "23": {
        "latency_s": 84.24357757903636,
        "reward": 0.0
    },
    "22": {
        "latency_s": 84.24938665702939,
        "reward": 0.0
    },
    "37": {
        "latency_s": 86.11142839305103,
        "reward": 0.0
    },
    "36": {
        "latency_s": 86.18758628191426,
        "reward": 0.0
    },
    "12": {
        "latency_s": 93.99379400897305,
        "reward": 0.0
    },
    "14": {
        "latency_s": 95.37334474397358,
        "reward": 0.0
    },
    "53": {
        "latency_s": 98.24267413001508,
        "reward": 0.0
    },
    "15": {
        "latency_s": 101.01931666093878,
        "reward": 0.0
    },
    "2": {
        "latency_s": 102.31439681607299,
        "reward": 0.0
    },
    "17": {
        "latency_s": 103.30924907396547,
        "reward": 0.0
    },
    "16": {
        "latency_s": 104.43822797597386,
        "reward": 0.0
    },
    "52": {
        "latency_s": 108.56092319195159,
        "reward": 0.0
    },
    "3": {
        "latency_s": 111.05168339295778,
        "reward": 0.0
    },
    "40": {
        "latency_s": 113.64779582398478,
        "reward": 0.0
    },
    "41": {
        "latency_s": 113.70321800804231,
        "reward": 0.0
    },
    "55": {
        "latency_s": 115.29416339390446,
        "reward": 0.0
    },
    "54": {
        "latency_s": 116.40438993705902,
        "reward": 0.0
    }
}