{
    "24": {
        "latency_s": 26.01520766702015,
        "reward": 0.0
    },
    "25": {
        "latency_s": 25.975873598014005,
        "reward": 0.0
    },
    "48": {
        "latency_s": 42.416871381923556,
        "reward": 0.0
    },
    "49": {
        "latency_s": 42.37178256001789,
        "reward": 0.0
    },
    "35": {
        "latency_s": 34.438373681972735,
        "reward": 0.0
    },
    "34": {
        "latency_s": 34.4946200751001,
        "reward": 0.0
    },
    "51": {
        "latency_s": 17.879640241968445,
        "reward": 0.0
    },
    "50": {
        "latency_s": 17.920615354087204,
        "reward": 0.0
    },
    "18": {
        "latency_s": 15.984433892997913,
        "reward": 0.0
    },
    "19": {
        "latency_s": 15.932935617980547,
        "reward": 0.0
    },
    "57": {
        "latency_s": 80.83484655595385,
        "reward": 0.0
    },
    "56": {
        "latency_s": 70.68205955193844,
        "reward": 0.0
    },
    "33": {
        "latency_s": 53.685192912002094,
        "reward": 0.0
    },
    "32": {
        "latency_s": 53.63751168700401,
        "reward": 0.0
    },
    "9": {
        "latency_s": 30.16201355389785,
        "reward": 0.0
    },
    "8": {
        "latency_s": 30.111795802949928,
        "reward": 0.0
    },
    "44": {
        "latency_s": 30.40028998500202,
        "reward": 0.0
    },
    "45": {
        "latency_s": 30.444016468012705,
        "reward": 0.0
    },
    "0": {
        "latency_s": 17.656557887909003,
        "reward": 0.0
    },
    "1": {
        "latency_s": 17.704630158958025,
        "reward": 0.0
    },
    "39": {
        "latency_s": 40.41148276103195,
        "reward": 0.0
    },
    "38": {
        "latency_s": 40.37394346296787,
        "reward": 0.0
    },
    "13": {
        "latency_s": 78.45644873101264,
        "reward": 0.0
    },
    "12": {
        "latency_s": 123.14379676699173,
        "reward": 0.0
    },
    "10": {
        "latency_s": 126.28627635911107,
        "reward": 0.0
    },
    "11": {
        "latency_s": 103.56273830903228,
        "reward": 0.0
    },
    "5": {
        "latency_s": 30.91585130302701,
        "reward": 0.0
    },
    "4": {
        "latency_s": 30.98788041807711,
        "reward": 0.0
    },
    "29": {
        "latency_s": 93.53451016207691,
        "reward": 0.0
    },
    "28": {
        "latency_s": 80.45464912999887,
        "reward": 0.0
    },
    "36": {
        "latency_s": 73.91882111108862,
        "reward": 0.0
    },
    "20": {
        "latency_s": 100.7947279480286,
        "reward": 0.0
    },
    "37": {
        "latency_s": 64.4217272119131,
        "reward": 0.0
    },
    "21": {
        "latency_s": 79.07276969205122,
        "reward": 0.0
    },
    "17": {
        "latency_s": 42.34757023898419,
        "reward": 0.0
    },
    "16": {
        "latency_s": 42.41920843801927,
        "reward": 0.0
    },
    "42": {
        "latency_s": 44.46373646403663,
        "reward": 0.0
    },
    "43": {
        "latency_s": 44.44762425601948,
        "reward": 0.0
    },
    "6": {
        "latency_s": 41.79007378802635,
        "reward": 0.0
    },
    "7": {
        "latency_s": 41.72238547599409,
        "reward": 0.0
    },
    "22": {
        "latency_s": 82.91743055300321,
        "reward": 0.0
    },
    "23": {
        "latency_s": 80.94765729701612,
        "reward": 0.0
    },
    "46": {
        "latency_s": 67.51117364899255,
        "reward": 0.0
    },
    "47": {
        "latency_s": 67.57688983902335,
        "reward": 0.0
    },
    "26": {
        "latency_s": 87.8914773450233,
        "reward": 0.0
    },
    "54": {
        "latency_s": 37.54352777497843,
        "reward": 0.0
    },
    "55": {
        "latency_s": 37.611431551980786,
        "reward": 0.0
    },
    "14": {
        "latency_s": 73.30664066306781,
        "reward": 0.0
    },
    "15": {
        "latency_s": 73.42060983495321,
        "reward": 0.0
    },
    "52": {
        "latency_s": 90.24574090295937,
        "reward": 0.0
    },
    "53": {
        "latency_s": 90.29251412709709,
        "reward": 0.0
    },
    "59": {
        "latency_s": 125.26261346496176,
        "reward": 0.0
    },
    "30": {
        "latency_s": 146.89113712799735,
        "reward": 0.0
    },
    "31": {
        "latency_s": 122.76752650702838,
        "reward": 0.0
    },
    "27": {
        "latency_s": 87.21759914408904,
        "reward": 0.0
    },
    "41": {
        "latency_s": 83.25599782995414,
        "reward": 0.0
    },
    "40": {
        "latency_s": 82.83595341909677,
        "reward": 0.0
    },
    "2": {
        "latency_s": 90.59583366697188,
        "reward": 0.0
    },
    "3": {
        "latency_s": 62.10591600998305,
        "reward": 0.0
    },
    "58": {
        "latency_s": 125.32061849499587,
        "reward": 0.0
    }
}