{
    "2": {
        "latency_s": 5.997058299020864,
        "reward": 1.0
    },
    "44": {
        "latency_s": 4.9348755239043385,
        "reward": 1.0
    },
    "13": {
        "latency_s": 5.967171352938749,
        "reward": 1.0
    },
    "8": {
        "latency_s": 5.99039494805038,
        "reward": 1.0
    },
    "81": {
        "latency_s": 5.584438754012808,
        "reward": 1.0
    },
    "75": {
        "latency_s": 5.611968008917756,
        "reward": 1.0
    },
    "65": {
        "latency_s": 5.720223843934946,
        "reward": 1.0
    },
    "42": {
        "latency_s": 5.8816030860180035,
        "reward": 1.0
    },
    "12": {
        "latency_s": 5.973314587958157,
        "reward": 1.0
    },
    "30": {
        "latency_s": 5.920724510913715,
        "reward": 1.0
    },
    "59": {
        "latency_s": 5.829535829019733,
        "reward": 1.0
    },
    "51": {
        "latency_s": 5.849425541004166,
        "reward": 1.0
    },
    "26": {
        "latency_s": 5.943931909976527,
        "reward": 1.0
    },
    "32": {
        "latency_s": 5.92144499195274,
        "reward": 1.0
    },
    "5": {
        "latency_s": 6.027785108075477,
        "reward": 1.0
    },
    "40": {
        "latency_s": 6.567979549989104,
        "reward": 1.0
    },
    "34": {
        "latency_s": 5.91592955600936,
        "reward": 1.0
    },
    "20": {
        "latency_s": 5.994204298011027,
        "reward": 1.0
    },
    "7": {
        "latency_s": 6.031814769026823,
        "reward": 1.0
    },
    "147": {
        "latency_s": 5.9071431800257415,
        "reward": 1.0
    },
    "31": {
        "latency_s": 27.69535149098374,
        "reward": 1.0
    },
    "0": {
        "latency_s": 6.691751381964423,
        "reward": 1.0
    },
    "123": {
        "latency_s": 6.276087070000358,
        "reward": 1.0
    },
    "46": {
        "latency_s": 6.787652497063391,
        "reward": 1.0
    },
    "19": {
        "latency_s": 6.877890290925279,
        "reward": 1.0
    },
    "82": {
        "latency_s": 6.5129929119721055,
        "reward": 1.0
    },
    "71": {
        "latency_s": 7.0552224579732865,
        "reward": 1.0
    },
    "29": {
        "latency_s": 7.327517619007267,
        "reward": 1.0
    },
    "50": {
        "latency_s": 7.268907830002718,
        "reward": 1.0
    },
    "78": {
        "latency_s": 7.036518472013995,
        "reward": 1.0
    },
    "70": {
        "latency_s": 6.5729970909887925,
        "reward": 1.0
    },
    "36": {
        "latency_s": 22.77237253403291,
        "reward": 1.0
    },
    "48": {
        "latency_s": 28.841251857113093,
        "reward": 1.0
    },
    "15": {
        "latency_s": 7.383919044048525,
        "reward": 1.0
    },
    "55": {
        "latency_s": 8.362698819022626,
        "reward": 1.0
    },
    "62": {
        "latency_s": 27.586995559977368,
        "reward": 1.0
    },
    "169": {
        "latency_s": 7.683683024020866,
        "reward": 1.0
    },
    "58": {
        "latency_s": 72.32684731693007,
        "reward": 1.0
    },
    "54": {
        "latency_s": 9.455787843093276,
        "reward": 1.0
    },
    "33": {
        "latency_s": 10.173393783043139,
        "reward": 1.0
    },
    "9": {
        "latency_s": 8.863437861087732,
        "reward": 1.0
    },
    "57": {
        "latency_s": 119.47079717402812,
        "reward": 0.0
    },
    "52": {
        "latency_s": 47.920179581968114,
        "reward": 1.0
    },
    "77": {
        "latency_s": 65.60268992895726,
        "reward": 1.0
    },
    "107": {
        "latency_s": 65.38038669503294,
        "reward": 1.0
    },
    "166": {
        "latency_s": 19.799205162911676,
        "reward": 0.0
    },
    "116": {
        "latency_s": 25.924284533946775,
        "reward": 0.0
    },
    "172": {
        "latency_s": 22.013189457939006,
        "reward": 0.0
    },
    "157": {
        "latency_s": 26.953967508976348,
        "reward": 0.0
    },
    "134": {
        "latency_s": 27.070320624974556,
        "reward": 0.0
    },
    "148": {
        "latency_s": 17.519306037109345,
        "reward": 0.0
    },
    "144": {
        "latency_s": 36.29854195099324,
        "reward": 0.0
    },
    "60": {
        "latency_s": 67.881683323998,
        "reward": 0.0
    },
    "112": {
        "latency_s": 34.25872679008171,
        "reward": 0.0
    },
    "163": {
        "latency_s": 36.203080751001835,
        "reward": 0.0
    },
    "56": {
        "latency_s": 35.738611715030856,
        "reward": 0.0
    },
    "41": {
        "latency_s": 6.598967856960371,
        "reward": 1.0
    },
    "160": {
        "latency_s": 35.088694110978395,
        "reward": 0.0
    },
    "35": {
        "latency_s": 36.938002329086885,
        "reward": 0.0
    },
    "120": {
        "latency_s": 29.500572716002353,
        "reward": 0.0
    },
    "119": {
        "latency_s": 40.7498368259985,
        "reward": 0.0
    },
    "170": {
        "latency_s": 41.57815144199412,
        "reward": 0.0
    },
    "23": {
        "latency_s": 55.87787337799091,
        "reward": 1.0
    },
    "66": {
        "latency_s": 7.438874335028231,
        "reward": 1.0
    },
    "130": {
        "latency_s": 42.83082122798078,
        "reward": 0.0
    },
    "150": {
        "latency_s": 50.551863781991415,
        "reward": 0.0
    },
    "137": {
        "latency_s": 50.59817353496328,
        "reward": 0.0
    },
    "156": {
        "latency_s": 42.7016793260118,
        "reward": 0.0
    },
    "153": {
        "latency_s": 52.865392816020176,
        "reward": 0.0
    },
    "152": {
        "latency_s": 58.292741567012854,
        "reward": 0.0
    },
    "127": {
        "latency_s": 45.22858005296439,
        "reward": 0.0
    },
    "101": {
        "latency_s": 50.739936847938225,
        "reward": 0.0
    },
    "39": {
        "latency_s": 53.52634219301399,
        "reward": 0.0
    },
    "67": {
        "latency_s": 49.85987116000615,
        "reward": 0.0
    },
    "146": {
        "latency_s": 48.42337424494326,
        "reward": 0.0
    },
    "73": {
        "latency_s": 64.36006266600452,
        "reward": 0.0
    },
    "145": {
        "latency_s": 48.42320760898292,
        "reward": 0.0
    },
    "11": {
        "latency_s": 64.70515289402101,
        "reward": 0.0
    },
    "149": {
        "latency_s": 50.555308468057774,
        "reward": 0.0
    },
    "142": {
        "latency_s": 45.16754687600769,
        "reward": 0.0
    },
    "53": {
        "latency_s": 35.75149349006824,
        "reward": 1.0
    },
    "89": {
        "latency_s": 51.96052949002478,
        "reward": 0.0
    },
    "79": {
        "latency_s": 55.53714687295724,
        "reward": 0.0
    },
    "10": {
        "latency_s": 50.190874024061486,
        "reward": 0.0
    },
    "100": {
        "latency_s": 68.3929250879446,
        "reward": 0.0
    },
    "168": {
        "latency_s": 52.77734844107181,
        "reward": 0.0
    },
    "90": {
        "latency_s": 57.53346186806448,
        "reward": 0.0
    },
    "128": {
        "latency_s": 50.63234550296329,
        "reward": 0.0
    },
    "76": {
        "latency_s": 17.889691445045173,
        "reward": 1.0
    },
    "121": {
        "latency_s": 50.66633067303337,
        "reward": 0.0
    },
    "92": {
        "latency_s": 27.23364103399217,
        "reward": 1.0
    },
    "131": {
        "latency_s": 72.61618130095303,
        "reward": 0.0
    },
    "72": {
        "latency_s": 67.81122531997971,
        "reward": 1.0
    },
    "61": {
        "latency_s": 61.41586894192733,
        "reward": 0.0
    },
    "139": {
        "latency_s": 58.34004724898841,
        "reward": 0.0
    },
    "16": {
        "latency_s": 71.93155661097262,
        "reward": 0.0
    },
    "126": {
        "latency_s": 55.26718371291645,
        "reward": 0.0
    },
    "132": {
        "latency_s": 64.03641176398378,
        "reward": 0.0
    },